target,ancilla,phi,ideal_prob,disc_prob,mit_disc_prob
0,1,0.0,0.5,0.455,0.4511294526498697
0,1,3.141592653589793,1.0,0.95,0.9840939651784809
0,1,6.283185307179586,0.5000000000000001,0.57,0.5760208514335361
1,2,0.0,0.5,0.565,0.5745583849506768
1,2,3.141592653589793,1.0,0.88,0.935879788942418
1,2,6.283185307179586,0.5000000000000001,0.55,0.5573526038082129
