target,ancilla,phi,ideal_prob,disc_prob,mit_disc_prob
0,1,0.0,0.5,0.46,0.45655951346655077
0,1,3.141592653589793,1.0,0.95,0.9839897715551095
0,1,6.283185307179586,0.5000000000000001,0.525,0.5271503040834058
1,2,0.0,0.5,0.54,0.5458820830465703
1,2,3.141592653589793,1.0,0.915,0.9760266116081668
1,2,6.283185307179586,0.5000000000000001,0.385,0.36808901124111043
